Title,Score,Id,Url,Created,timestamp
"400,000 Subscriber Survey Question Submissions",93,fc7r28,https://www.reddit.com/r/OnePiece/comments/fc7r28/400000_subscriber_survey_question_submissions/,1583158166.0,2020-03-02 06:09:26
One Piece: Chapter 973 - Predictions,185,fcrdkk,https://www.reddit.com/r/OnePiece/comments/fcrdkk/one_piece_chapter_973_predictions/,1583250993.0,2020-03-03 07:56:33
You can 3d print the spongebob admirals!!!,2947,fdco08,https://i.redd.it/y2ardm77mnk41.jpg,1583355680.0,2020-03-04 13:01:20
Luffy x Zac (league of legends) fusion by me,1004,fden9h,https://i.redd.it/4gb3nkj5dok41.jpg,1583364745.0,2020-03-04 15:32:25
[Self] Mihawk & Roronoa Zoro !,1861,fda6pm,https://i.redd.it/jbkg8rbubmk41.jpg,1583340089.0,2020-03-04 08:41:29
"[OC] Momonosuke, Dragon Form by me",4342,fd6u43,https://i.redd.it/yarlvzimqkk41.png,1583321110.0,2020-03-04 03:25:10
"For those who asked for HQ photo of Zorogami, here it is (also, thank you all on kind words)",335,fde3h4,https://i.redd.it/cgjqg3u86ok41.jpg,1583362428.0,2020-03-04 14:53:48
I animated my theory of how Luffy will defeat Kaido,186,fdfi4t,https://youtu.be/ku_Nzj9d5TQ,1583368175.0,2020-03-04 16:29:35
Just got this bad boy printed! Credit goes to @Z4k4l4,178,fdezia,https://i.redd.it/ckw4lft1hok41.jpg,1583366154.0,2020-03-04 15:55:54
nowadays figures are getting so serious,298,fdboh3,https://i.redd.it/4dw4dhxz5nk41.jpg,1583350230.0,2020-03-04 11:30:30
